email,firstName,lastName,company,website
ops@pizzahutfranchise.com,Operations,Manager,Pizza Hut Franchise,pizzahut.com
support@dentalpractice.com,Practice,Manager,Bright Smile Dental,brightsmile.com
info@plumbingpros.com,Service,Director,ProPlumbing Services,plumbingpros.com
contact@autorepair.com,Shop,Manager,AutoFix Express,autorepair.com
admin@lawfirm.com,Office,Manager,Smith & Associates Law,smithlaw.com
schedule@vetclinic.com,Clinic,Manager,Happy Pets Veterinary,happypets.vet
booking@salonbeauty.com,Salon,Owner,Elegant Beauty Salon,elegantbeauty.com
info@hvaccompany.com,Operations,Lead,CoolAir HVAC,coolairhvac.com
contact@electricianpro.com,Service,Manager,ProElectric Solutions,proelectric.com
admin@carpetcleaning.com,Business,Owner,FreshCarpet Cleaning,freshcarpet.com
info@landscaping.com,Owner,Manager,GreenScape Landscaping,greenscape.com
support@pestcontrol.com,Operations,Director,BugFree Pest Control,bugfree.com
contact@movingcompany.com,Manager,Manager,QuickMove Services,quickmove.com
schedule@physicaltherapy.com,Clinic,Director,ActiveLife PT,activelifept.com
info@accountingfirm.com,Managing,Partner,NumbersCPA Accounting,numberscpa.com
admin@insuranceagency.com,Agency,Owner,SafeGuard Insurance,safeguard.insurance
contact@realestate.com,Broker,Manager,HomeFirst Realty,homefirst.com
support@itservices.com,Operations,Manager,TechSupport Solutions,techsupport.io
info@cleaningservice.com,Service,Manager,SparkleClean Services,sparkleclean.com
schedule@chiropractor.com,Office,Manager,BackHealth Chiropractic,backhealth.com
