email,firstName,lastName,company,website
john.smith@acmecorp.com,John,Smith,Acme Corp,acmecorp.com
jane.doe@techsolutions.com,Jane,Doe,Tech Solutions,techsolutions.com
michael.brown@innovateplus.com,Michael,Brown,Innovate Plus,innovateplus.com
sarah.johnson@customercare.io,Sarah,Johnson,CustomerCare Pro,customercare.io
david.lee@supportcentral.com,David,Lee,Support Central,supportcentral.com
